<?xml version="1.0"?>

<config_definition version="1.0">

  <!-- ======================================================================= -->
  <!-- env_postprocess.xml                                                     -->
  <!-- ======================================================================= -->

  <groups>
    <group name="case_info">
      <order>0</order>
      <comment>Environment variable settings associated with the case to be post-processed.</comment>

      <entry id="CASEROOT"
	     type="string"
	     valid_values=""  
	     value="inherit"
	     group="case_info"
	     desc="location of caseroot directory on local disk. CASEROOT is the same as PP_CASE_PATH for stand-alone postprocessing cases"
	     ></entry> 

      <entry id="PP_CASE_PATH"
	     type="string"
	     valid_values=""  
	     value="inherit"
	     group="case_info"
	     desc="location of postprocess directory created in the caseroot on local disk"
	     ></entry> 

      <entry id="CASE"
	     type="string"
	     valid_values=""  
	     value="inherit"
	     group="case_info"
	     desc="case name"
	     ></entry> 

      <entry id="POSTPROCESS_PATH"
	     type="string"
	     valid_values=""  
	     value="inherit"
	     group="case_info"
	     desc="post processing directory location on local machine where cesm-env2 python virtualenv is located."
	     ></entry> 

      <entry id="POSTPROCESS_PATH_DAV"
	     type="string"
	     valid_values=""
	     value="inherit"  
	     group="case_info"
	     desc="post processing directory location on local machine where DAV specific cesm-env2 python virtualenv is located."
	     ></entry> 

      <entry id="DOUT_S_ROOT"
	     type="string"
	     valid_values=""  
	     value="inherit"
	     group="case_info"
	     desc="Fully qualified path to the location of the short term archive output, DOUT_S_ROOT, on local disk where case history files reside. Assumes the adherence to the CESM file naming conventions."
	     ></entry> 

      <entry id="ATM_GRID"
	     type="string"
	     valid_values="0.9x1.25"  
	     value="inherit"
	     group="case_info"
	     desc="Atmosphere model grid"
	     ></entry> 

      <entry id="ICE_GRID"
	     type="string"
	     valid_values="gx1v6" 
	     value="inherit"
	     group="case_info"
	     desc="Sea-Ice model grid"
	     ></entry> 

      <entry id="ICE_NX"
	     type="string"
	     valid_values="320"  
	     value="inherit"
	     group="case_info"
	     desc="Sea-Ice model grid NX - default 320 for 1-degree ocean grid"
	     ></entry> 

      <entry id="ICE_NY"
	     type="string"
	     valid_values="384"
	     value="inherit"
	     group="case_info"
	     desc="Sea-Ice model grid NY - default 384 for 1-degree ocean grid"
	     ></entry> 

      <entry id="LND_GRID"
	     type="string"
	     valid_values="0.9x1.25"
	     value="inherit"
	     group="case_info"
	     desc="Land model grid"
	     ></entry> 

      <entry id="OCN_GRID"
	     type="string"
	     valid_values="gx1v6"   
	     value="inherit"
	     group="case_info"
	     desc="Ocean model grid"
	     ></entry> 

      <entry id="CESM_TAG"
	     type="string"
	     valid_values="cesm2_0"  
	     value="inherit"
	     group="case_info"
	     desc="CESM tag used to create this case"
	     ></entry> 

      <entry id="USER_NAME"
	     type="string"
	     valid_values=""  
	     value="inherit"
	     group="case_info"
	     desc="User name of person running this set of diagnostics"
	     ></entry> 
    </group>

    <group name="postprocess">
      <order>1</order>
      <comment>Environment variable settings to control postprocessing tasks. These variables are used by the cylc workflow manager and the copy_html utility.</comment>

      <entry id="POSTPROCESS_VIRTUALENV" 
	     type="string"
	     valid_values=""  
	     value="$POSTPROCESS_PATH/cesm-env2" 
	     group="postprocess"
	     desc="Path to the post processing python virtual environment created by the create_python_env.sh script in the postprocessing directory. The create_python_env.sh script is run once per CESM source code installation."
	     ></entry> 

      <entry id="GENERATE_TIMESERIES" 
	     type="logical"
	     valid_values="TRUE,FALSE"  
	     value="TRUE" 
	     group="postprocess"
	     desc="If TRUE, create the single variable time series files using the history time slice files. All the time invariant metadata is included in each variable time series file header. Rules for how the time series variable files are created are specified in the env_archive.xml file."
	     ></entry> 

      <entry id="TIMESERIES_COMPLETECHUNK" 
	     type="logical"
	     valid_values="TRUE,FALSE"  
	     value="FALSE" 
	     group="postprocess"
	     desc="If TRUE, create only complete chunks of variable timeseries data files as determined by the env_timeseries.xml tseries_filecat_tper and tseries_filecat_n elements. If FALSE, then incomplete chunks of variable timeseries data will be created and appended to upon subsequent running of the timeseries script. Default is TRUE."
	     ></entry> 

      <entry id="TIMESERIES_GENERATE_ALL"
	     type="logical"
	     valid_values="TRUE,FALSE"  
	     value="TRUE" 
	     group="postprocess"
	     desc="If TRUE, create all variable timeseries files for all history streams regardless of the settings listed in the env_timeseries.xml tseries_create element. If set to FALSE, then use the tseries_create element setting in env_timeseries.xml for customized generation of timeseries files based on the history stream."
	     ></entry> 

      <entry id="TIMESERIES_INPUT_ROOTDIR" 
	     type="string"
	     valid_values="/glade/scratch/$USER/archive/$CASE, $DOUT_S_ROOT"  
	     value="$DOUT_S_ROOT" 
	     group="postprocess"
	     desc="Fully-qualified rootdir path to input raw history time-slice data. Note: [compname]/hist will be appended automatically."
	     ></entry> 

      <entry id="TIMESERIES_OUTPUT_ROOTDIR" 
	     type="string"
	     valid_values="/glade/scratch/$USER/archive/$CASE, $DOUT_S_ROOT"  
	     value="$DOUT_S_ROOT" 
	     group="postprocess"
	     desc="Fully-qualified rootdir path to output variable time series data files. Note: [compname]/proc/tseries/[tper] will be appended automatically."
	     ></entry> 

      <entry id="GENERATE_AVGS_ATM"  
	     type="logical"
	     valid_values="TRUE,FALSE"  
	     value="TRUE" 
	     group="postprocess"
	     desc="If TRUE, this calls the atm_averages script which launches the parallel python wrapper script atm_avg_generator.py to generate climatological files using the pyAverager tool. Settings for creating the averages are specified in the env_diags_atm.xml file."
	     ></entry> 

      <entry id="GENERATE_DIAGS_ATM"  
	     type="logical"
	     valid_values="TRUE,FALSE"  
	     value="TRUE" 
	     group="postprocess"
	     desc="If TRUE, this calls the atm_diagnostics script with launches the  AMWG diagnostics package parallel python wrapper script atm_diags_generator.py to generate climatological plots associated with the run job output. See the AMWG diagnostics documentation for more details. Settings for creating the diagnostics are specified in the env_diags_atm.xml file."
	     ></entry> 

      <entry id="GENERATE_AVGS_ICE"  
	     type="logical"
	     valid_values="TRUE,FALSE"  
	     value="TRUE" 
	     group="postprocess"
	     desc="If TRUE, this calls the ice_averages script which launches the parallel python wrapper script ice_avg_generator.py to generate climatological files using the pyAverager tool. Settings for creating the averages are specified in the env_diags_ice.xml file."
	     ></entry> 

      <entry id="GENERATE_DIAGS_ICE"  
	     type="logical"
	     valid_values="TRUE,FALSE"  
	     value="TRUE" 
	     group="postprocess"
	     desc="If TRUE, this calls the ice_diagnostics script which launches the PCWG diagnostics package parallel python wrapper script ice_diags_generator.py to generate climatological plots associated with the run job output. See the PCWG diagnostics documentation for more details. Settings for creating the diagnostics are specified in the env_diags_ice.xml file."
	     ></entry> 

      <entry id="GENERATE_AVGS_LND"  
	     type="logical"
	     valid_values="TRUE,FALSE"  
	     value="TRUE" 
	     group="postprocess"
	     desc="If TRUE, this calls the lnd_averages script which launches the parallel python wrapper script lnd_avg_generator.py to generate climatological files using the pyAverager tool. Settings for creating the averages are specified in the env_diags_lnd.xml file."
	     ></entry> 

      <entry id="GENERATE_REGRID_LND"  
	     type="logical"
	     valid_values="TRUE,FALSE"  
	     value="TRUE" 
	     group="postprocess"
	     desc="If TRUE, this calls the lnd_regrid script which launches the parallel python wrapper script lnd_regrid_generator.py to regrid climatological files in parallel. Settings for creating the regridded files are specified in the env_diags_lnd.xml file."
	     ></entry> 

      <entry id="GENERATE_DIAGS_LND"  
	     type="logical"
	     valid_values="TRUE,FALSE"  
	     value="TRUE" 
	     group="postprocess"
	     desc="If TRUE, this calls the lnd_diagnostics script which launches the LMWG diagnostics package parallel python wrapper script lnd_diags_generator.py to generate climatological plots associated with the run job output. See the LMWG diagnostics documentation for more details. Settings for creating the diagnostics are specified in the env_diags_lnd.xml file."
	     ></entry> 

      <entry id="GENERATE_AVGS_OCN"  
	     type="logical"
	     valid_values="TRUE,FALSE"  
	     value="TRUE" 
	     group="postprocess"
	     desc="If TRUE, this calls the ocn_averages script which launches the parallel python wrapper script ocn_avg_generator.py to generate climatological files using the pyAverager tool. Settings for creating the averages are specified in the env_diags_ocn.xml file."
	     ></entry> 

      <entry id="GENERATE_DIAGS_OCN" 
	     type="logical"
	     valid_values="TRUE,FALSE"  
	     value="TRUE" 
	     group="postprocess"
	     desc="If TRUE, this calls the OMWG diagnostics package parallel python wrapper script to generate climatological plots associated with the run job output. See the OMWG diagnostics documentation for more details. Settings for creating the diagnostics are specified in the env_diags_ocn.xml file."
	     ></entry> 

      <entry id="STANDARDIZE_TIMESERIES" 
             type="logical"
             valid_values="TRUE,FALSE"  
             value="FALSE" 
             group="postprocess"
             desc="If TRUE, standardize the data.  This option will conform the data to CMIP experiment specifications."
             ></entry>
 
      <entry id="GENERATE_ILAMB"  
	     type="logical"
	     valid_values="TRUE,FALSE"  
	     value="TRUE" 
	     group="postprocess"
	     desc="If TRUE, this calls the ilamb script which launches the ILAMB diagnostics package parallel python wrapper script ilamb-run. Settings for creating the diagnostics are specified in the env_ilamb.xml file."
	     ></entry> 

    </group>

    <group name="web_options">
      <order>2</order>
      <comment>Environment variable settings for transferring files to a remote web server.</comment>

      <entry id="GLOBAL_WEBHOST"
	     type="char"
	     valid_values="http://some-remote-host"
	     value=""
	     group="web_options"
	     desc="Remote web host machine to serve HTML pages and diagnostics plots."
	     ></entry>

      <entry id="GLOBAL_WEBLOGIN"
	     type="char"
	     valid_values="remote-username"
	     value=""
	     group="web_options"
	     desc="Remote web host login name which can be used with ssh keys. If ssh key is not setup, then will prompt for login on remote web host machine."
	     ></entry>

      <entry id="GLOBAL_REMOTE_WEBDIR"
	     type="char"
	     valid_values="/path/to/diags/$CASE/"
	     value=""
	     group="web_options"
	     desc="Remote machine path to diagnostics directory."
	     ></entry>
    </group>
  </groups>

  <!-- End postprocessing configuration definitions -->
</config_definition>
