<?xml version="1.0"?>

<!-- =========================================================================== -->
<!-- ILAMB Wrapper XML                                                           -->
<!-- =========================================================================== -->

<config_definition version="1.0">

  <!-- =========================================================================== -->
  <!-- ilamb_settings - general settings to be applied to all diagnostics routines   -->
  <!-- NOTE: case specific environment variables from env_*.xml will be            -->
  <!-- gathered at runtime by the ilamb_diags_generator.py python script.            -->
  <!-- They do not need to be specified in this XML file.                          -->
  <!-- The full $PATH variable will be set in the ilamb_diags_generator.py file      -->
  <!-- using all the path settings defined here.                                   -->
  <!-- =========================================================================== -->

  <groups>
    
    <group name="global">
      <order>0</order>
      <comment>Run provenance</comment>

      <entry id="ILAMBDIAG_VERSION"
             type="char"
             valid_values=""
             value="ilamb_version"
             group="diags_ilamb"
             desc="Package Version"
             ></entry>

    </group>
    
    <group name="ilamb_env">
      <order>1</order>
      <comment>ILAMB Environment Variables, must be exported prior to executing imb_run</comment>

      <entry id="ILAMBDIAG_MPLBACKEND"
             type="char"
             valid_values="Agg"
             value="Agg"
             group="ilamb_env"
             desc="matplotlib backend for generating graphics, should be exported to the environment!"
             ></entry>

      <entry id="ILAMBDIAG_ILAMB_ROOT"
             type="char"
             valid_values="/path/to/ILAMB_ROOT"
             value="$ILAMBDIAG_DIAGOBSROOT"
             group="ilamb_env"
             desc="Environment variable for the model data root path. These are data files downloaded using the ilamb-fetch command. NOTE: this is machine and / or user dependent."
             ></entry>
    </group>

    <group name="ilamb_config">
      <order>2</order>
      <comment>ILAMB Configuration Options</comment>

      <entry id="ILAMBDIAG_CONFIG_TYPE"
             type="char"
             valid_values="standard"
             value="standard"
             group="ilamb_config"
             desc="whether to use a standard or templated configuration file. NOTE: Templated is not implemented at this time."
             ></entry>

      <entry id="ILAMBDIAG_CONFIG_DIRECTORY"
             type="char"
             value="$POSTPROCESS_PATH/diagnostics/diagnostics/imb/Config/"
             group="ilamb_config"
             desc="name of the directory containing the standard or template configuration file"
             ></entry>

      <entry id="ILAMBDIAG_CONFIG_NAME"
             type="char"
             value="ilamb-sample.cfg"
             group="ilamb_config"
             desc="name of the standard or template filename to use"
             ></entry>

    </group>


    <group name="ilamb_cli">
      <order>3</order>
      <comment>ILAMB Command-line Interface Options</comment>

      <entry id="ILAMBDIAG_EXENAME"
             type="char"
             valid_values="ilamb-run"
             value="ilamb-run"
             group="ilamb_cli"
             desc="imb diagnostics executable name. Must be an absolute path or available in the virtualenv or in the users path."
             ></entry>

      <entry id="ILAMBDIAG_MODELROOT"
             type="char"
             valid_values="/path/to/model/root"
             value="$ILAMBDIAG_DIAGOBSROOT/MODELS"
             group="ilamb_config"
             desc="root directory containing the model data"
             ></entry>

      <entry id="ILAMBDIAG_OUTPUTROOT"
             type="char"
             valid_values="/path/to/model/output/root"
             value="$DOUT_S_ROOT/lnd/proc/ilamb"
             group="ilamb_config"
             desc="output root directory containing the html and diagnostics plots"
             ></entry>

      <entry id="ILAMBDIAG_MODELNAME"
             type="char"
             valid_values=""
             value="CLM50r243GSWP3"
             group="ilamb_config"
             desc="model directory name"
             ></entry>

      <entry id="ILAMBDIAG_CLI_REQUIRED"
             type="char"
             value=" --config $CASEROOT/$ILAMBDIAG_CONFIG_NAME --model_root $ILAMBDIAG_MODELROOT/  --models $ILAMBDIAG_MODELNAME --build_dir $ILAMBDIAG_OUTPUTROOT"
             group="ilamb_cli"
             desc="required command line options passed to ILAMBDIAG_EXENAME"
             ></entry>

      <entry id="ILAMBDIAG_CLI_OPTIONAL"
             type="char"
             valid_values=""
             value="--regions global --filter _historical_ --disable_logging"
             group="ilamb_cli"
             desc="optional command line options passed to ILAMBDIAG_EXENAME"
             ></entry>

      <entry id="ILAMBDIAG_CLI"
             type="char"
             value="$ILAMBDIAG_CLI_REQUIRED $ILAMBDIAG_CLI_OPTIONAL"
             group="ilamb_cli"
             desc="Complete list of command line options to pass to ILAMBDIAG_EXENAME"
             ></entry>

    </group>

  </groups>
</config_definition>

