<?xml version="1.0"?>

<!-- =========================================================================== -->
<!-- Land Model Diagnostics XML                             -->
<!-- =========================================================================== -->

<config_definition version="1.0">

  <!-- =========================================================================== -->
  <!-- lnd_settings - general settings to be applied to all diagnostics routines   -->
  <!-- NOTE: case specific environment variables from env_*.xml will be            -->
  <!-- gathered at runtime by the lnd_diags_generator.py python script.            -->
  <!-- They do not need to be specified in this XML file.                          -->
  <!-- The full $PATH variable will be set in the lnd_diags_generator.py file      -->
  <!-- using all the path settings defined here.                                   -->
  <!-- =========================================================================== -->

  <groups>
    
    <group name="global">
      <order>0</order>
      <comment>Environment variables to control Land Model diagnostics</comment>

      <entry id="LNDDIAG_DIAG_VERSION"
             type="char"
             valid_values=""
             value="parallel_land_diag"
             group="diags_lnd"
             desc="Package Version"
             ></entry>

    </group>

    <!-- ============================================================================================== -->
    <!-- 1: Path to data                                                                                -->
    <!-- ============================================================================================== -->

    <group name="data_path">
      <order>1</order>
      <comment>Path to data</comment>

      <entry id="LNDDIAG_OUTPUT_ROOT_PATH"
             type="char"
             valid_values=""
             value="$DOUT_S_ROOT/lnd/proc"
             group="data_path"
             desc="Postprocessed files output root path."
             ></entry>

      <entry id="LNDDIAG_PTMPDIR_1"
             type="char"
             valid_values=""
             value="$LNDDIAG_OUTPUT_ROOT_PATH"
             group="data_path"
             desc="Postprocess output file location for CASE1"
             ></entry>

      <entry id="LNDDIAG_PTMPDIR_2"
             type="char"
             valid_values=""
             value="$LNDDIAG_OUTPUT_ROOT_PATH"
             group="data_path"
             desc="Postprocess output file location for CASE2"
             ></entry>

      <entry id="LNDDIAG_SOURCE_1"
             type="char"
             valid_values=""
             value="$DOUT_S_ROOT"
             group="data_path"
             desc="Root location of source history files for CASE1"
             ></entry>

      <entry id="LNDDIAG_SOURCE_1_SUBDIR"
             type="char"
             valid_values="/hist, /proc/tseries/month_1, /proc/tseries/monthly"
             value="/hist"
             group="data_path"
             desc="subdir path concatenated to $LNDDIAG_SOURCE_1/[lnd,rof] pointing to input history files, slice or series"
             ></entry>

      <entry id="LNDDIAG_SOURCE_2"
             type="char"
             valid_values=""
             value=""
             group="data_path"
             desc="Root location of source history files for CASE2"
             ></entry>

      <entry id="LNDDIAG_SOURCE_2_SUBDIR"
             type="char"
             valid_values="/hist, /proc/tseries/month_1, /proc/tseries/monthly"
             value="/hist"
             group="data_path"
             desc="subdir path concatenated to $LNDDIAG_SOURCE_2/[lnd,rof] pointing to input history files, slice or series"
             ></entry>

    </group>

    <!-- ============================================================================================== -->
    <!-- 2a,2b: Diagnostic paths                                                                        -->
    <!-- ============================================================================================== -->

    <group name="diag_path">
      <order>2</order>
      <comment>Diagnostic paths</comment>

      <entry id="LNDDIAG_DIAG_HOME"
             type="char"
             valid_values=""
             value="$POSTPROCESS_PATH/lnd_diag/"
             group="diag_path"
             desc="Diagnostic package location"
             ></entry>

      <entry id="LNDDIAG_NCLPATH"
             type="char"
             valid_values=""
             value="$POSTPROCESS_PATH/lnd_diag/"
             group="diag_path"
             desc="Diagnostic package NCL script location"
             ></entry>

      <entry id="LNDDIAG_OBS_HOME"
             type="char"
             valid_values=""
             value="$LNDDIAG_DIAGOBSROOT/obs_data/"
             group="diag_path"
             desc="Location of observational datasets"
             ></entry>

    </group>

    <!-- ============================================================================================== -->
    <!-- 2c: Compare to Observations in set 2                                                           -->
    <!-- ============================================================================================== -->

    <group name="comp_obs">
      <order>3</order>
      <comment>Compare to observations in set 2</comment>

      <entry id="LNDDIAG_plotObs"
             type="integer"
             valid_values="1/0"
             value="1"
             group="comp_obs"
             desc="Compare to observations in set 2 (1 = compare to PD observations; 0 = OFF)"
             ></entry>

    </group>

    <!-- ============================================================================================== -->
    <!-- 3: Location of the variable lists                                                              -->
    <!-- ============================================================================================== -->

    <group name="var_list_local">
      <order>4</order>
      <comment>Location of the variable lists</comment>

      <entry id="LNDDIAG_INPUT_HOME"
             type="char"
             valid_values=""
             value="$LNDDIAG_DIAG_HOME"
             group="var_list_local"
             desc="Path to variable list file"
             ></entry>

      <entry id="LNDDIAG_var_master_cn"
             type="char"
             valid_values=""
             value="variable_master4.3.ncl"
             group="var_list_local"
             desc="Master CN variable list"
             ></entry>

      <entry id="LNDDIAG_var_master_casa"
             type="char"
             valid_values=""
             value="variable_master_CASA.ncl"
             group="var_list_local"
             desc="Master CASA variable list"
             ></entry>

    </group>

    <!-- ============================================================================================== -->
    <!-- 4: Runtypes (Users can select both model vs obs and model vs model)                            -->
    <!-- ============================================================================================== -->

    <group name="diag_types">
      <order>5</order>
      <comment>Diagnostics Types</comment>

      <entry id="LNDDIAG_MODEL_VS_OBS"
             type="logical"
             valid_values="True/False"
             value="True"
             group="diag_types"
             desc="Controls whether to generate model vs. observations diagnostics"
             ></entry>

      <entry id="LNDDIAG_MODEL_VS_MODEL"
             type="logical"
             valid_values="True/False"
             value="False"
             group="diag_types"
             desc="Controls whether to generate model vs. model diagnostics"
             ></entry>

      <entry id="LNDDIAG_netcdf_format"
             type="string"
             valid_values="netcdf, netcdf4, netcdf4c, netcdfLarge"
             value="netcdf"
             group="diag_types"
             desc="Output NetCDF file format - either 'netcdf4c' (netcdf4 compressed (lev=1)), 
'netcdf4' (netcdf classic), 'netcdf' (netcdf3 classic), or netcdfLarge for high-resolution data sets. DEFAULT = 'netcdf'. 
Applies to both model and control cases."
             ></entry>

      <entry id="LNDDIAG_CLEANUP_FILES"
             type="logical"
             valid_values="True/False"
             value="False"
             group="diag_types"
             desc="Remove any existing diagnostic files."
             ></entry>
      
    </group>

    <!-- ============================================================================================== -->
    <!-- 5a: CASE1 settings                                                                             -->
    <!-- ============================================================================================== -->

    <group name="case_1_settings">
      <order>6</order>
      <comment>CASE1 settings</comment>

      <entry id="LNDDIAG_COMPUTE_CLIMO_CASE1"
             type="logical"
             valid_values="True/False"
             value="True"
             group="case_1_settings"
             desc="Compute climatologies for CASE1."
             ></entry>

      <entry id="LNDDIAG_prefix_1"
             type="char"
             valid_values=""
             value="$CASE.$LNDDIAG_lnd_modelstream_1."
             group="case_1_settings"
             desc="Output file names for CASE1 climos"
             ></entry>

      <entry id="LNDDIAG_caseid_1"
             type="char"
             valid_values=""
             value="$CASE"
             group="case_1_settings"
             desc="History file case name for CASE1"
             ></entry>

      <entry id="LNDDIAG_lnd_modelstream_1"
             type="char"
             valid_values=""
             value="clm2.h0"
             group="case_1_settings"
             desc="Identifying lnd model stream for CASE1"
             ></entry>

      <entry id="LNDDIAG_atm_modelstream_1"
             type="char"
             valid_values="cam.h0,cam2.h0"
             value="cam.h0"
             group="case_1_settings"
             desc="Identifying atm model stream for CASE1"
             ></entry>

      <entry id="LNDDIAG_rtm_modelstream_1"
             type="char"
             valid_values="rtm.h0, mosart.h0"
             value="mosart.h0"
             group="case_1_settings"
             desc="Identifying river model stream for CASE1"
             ></entry>

      <entry id="LNDDIAG_commonName_1"
             type="char"
             valid_values=""
             value="test"
             group="case_1_settings"
             desc="Common name for ID'ing CASE1"
             ></entry>

      <entry id="LNDDIAG_UseCommonName_1"
             type="logical"
             valid_values="True/False"
             value="False"
             group="case_1_settings"
             desc="Use common name for CASE1 in plots"
             ></entry>

      <entry id="LNDDIAG_CASE1_TIMESERIES"
             type="logical"
             valid_values="True/False"
             value="False"
             group="case_1_settings"
             desc="Use tseries files to compute CASE1 climos."
             ></entry>

    </group>

    <!-- ============================================================================================== -->
    <!-- 5b: CASE2 settings                                                                             -->
    <!-- ============================================================================================== -->

    <group name="case_2_settings">
      <order>7</order>
      <comment>CASE2 settings</comment>

      <entry id="LNDDIAG_COMPUTE_CLIMO_CASE2"
             type="logical"
             valid_values="True/False"
             value="False"
             group="case_2_settings"
             desc="Compute climatologies for CASE2."
             ></entry>

      <entry id="LNDDIAG_prefix_2"
             type="char"
             valid_values=""
             value="$LNDDIAG_caseid_2.$LNDDIAG_lnd_modelstream_2."
             group="case_2_settings"
             desc="Output file names for CASE2 climos"
             ></entry>

      <entry id="LNDDIAG_caseid_2"
             type="char"
             valid_values=""
             value=""
             group="case_2_settings"
             desc="History file case name for CASE2"
             ></entry>

      <entry id="LNDDIAG_lnd_modelstream_2"
             type="char"
             valid_values=""
             value="clm2.h0"
             group="case_2_settings"
             desc="Identifying model stream for CASE2"
             ></entry>

      <entry id="LNDDIAG_atm_modelstream_2"
             type="char"
             valid_values="cam.h0,cam2.h0"
             value="cam.h0"
             group="case_2_settings"
             desc="Identifying atm model stream for CASE2"
             ></entry>

      <entry id="LNDDIAG_rtm_modelstream_2"
             type="char"
             valid_values="rtm.h0, mosart.h0"
             value="mosart.h0"
             group="case_2_settings"
             desc="Identifying river model stream for CASE2"
             ></entry>

      <entry id="LNDDIAG_commonName_2"
             type="char"
             valid_values=""
             value="test"
             group="case_2_settings"
             desc="Common name for ID'ing CASE2"
             ></entry>

      <entry id="LNDDIAG_UseCommonName_2"
             type="logical"
             valid_values="True/False"
             value="False"
             group="case_2_settings"
             desc="Use common name for CASE2 in plots"
             ></entry>

      <entry id="LNDDIAG_CASE2_TIMESERIES"
             type="logical"
             valid_values="True/False"
             value="False"
             group="case_2_settings"
             desc="Use tseries files to compute CASE2 climos."
             ></entry>

    </group>

    <!-- ============================================================================================== -->
    <!-- 6: Set which climatological files need to be created                                           -->
    <!-- ============================================================================================== -->

    <group name="which_climos">
      <order>8</order>
      <comment>Set which climatological files need to be created</comment>

      <entry id="LNDDIAG_overWriteTrend"
             type="logical"
             valid_values="True/False"
             value="False"
             group="which_climos"
             desc="Overwrite existing trend files"
             ></entry>

      <entry id="LNDDIAG_overWriteClimo"
             type="logical"
             valid_values="True/False"
             value="False"
             group="which_climos"
             desc="Overwrite existing climo files"
             ></entry>

      <entry id="LNDDIAG_weightAvg"
             type="logical"
             valid_values="True/False"
             value="True"
             group="which_climos"
             desc="Create averages as a weighted averages"
             ></entry>

      <entry id="LNDDIAG_meansFlag"
             type="logical"
             valid_values="True/False"
             value="True"
             group="which_climos"
             desc="Create seasonal means. Required for Model vs Model, optional for Model vs Obs"
             ></entry>

      <!-- CASE1 -->

      <entry id="LNDDIAG_trends_lnd_1"
             type="logical"
             valid_values="True/False"
             value="True"
             group="which_climos"
             desc="Create trends for CASE1. (set1 and set6) Make trends for case1 simulation"
             ></entry>

      <entry id="LNDDIAG_climo_lnd_1"
             type="logical"
             valid_values="True/False"
             value="True"
             group="which_climos"
             desc="Create climos for CASE1. (set2 and set3 and set5 and set7) Make climo for case1 simulation"
             ></entry>

      <entry id="LNDDIAG_trends_atm_1"
             type="logical"
             valid_values="True/False"
             value="False"
             group="which_climos"
             desc="Create trends for atm CASE1. (set4)  Make atm trends for case1"
             ></entry>

      <entry id="LNDDIAG_climo_atm_1"
             type="logical"
             valid_values="True/False"
             value="False"
             group="which_climos"
             desc="Create climos for atm CASE1. (set4)  Make atm climo for case1"
             ></entry>

      <entry id="LNDDIAG_rmodel_1"
             type="logical"
             valid_values="True/False"
             value="True"
             group="which_climos"
             desc="(set7) Set to True for case1 if Mosart was used or False if RTM was used in the simulation"
             ></entry>

      <entry id="LNDDIAG_rtm_1"
             type="logical"
             valid_values="True/False"
             value="True"
             group="which_climos"
             desc="(set7) Set to True for case1 if RTM variables are on separate history files"
             ></entry>

      <entry id="LNDDIAG_trends_rtm_1"
             type="logical"
             valid_values="True/False"
             value="False"
             group="which_climos"
             desc="Create trends for rtm CASE1. (set7). Should always be set to False."
             ></entry>

      <entry id="LNDDIAG_climo_rtm_1"
             type="logical"
             valid_values="True/False"
             value="True"
             group="which_climos"
             desc="Create climos for rtm CASE1 (set7)"
             ></entry>

      <!-- CASE2 -->

      <entry id="LNDDIAG_trends_lnd_2"
             type="logical"
             valid_values="True/False"
             value="False"
             group="which_climos"
             desc="Create trends for CASE2. (set1 and set6) Make trends for case2 simulation"
             ></entry>

      <entry id="LNDDIAG_climo_lnd_2"
             type="logical"
             valid_values="True/False"
             value="False"
             group="which_climos"
             desc="Create climos for CASE2. (set2 and set3 and set5 and set7) Make climo for case2 simulation"
             ></entry>

      <entry id="LNDDIAG_trends_atm_2"
             type="logical"
             valid_values="True/False"
             value="False"
             group="which_climos"
             desc="Create trends for atm CASE2.  (set4)  Make atm trends for case2"
             ></entry>

      <entry id="LNDDIAG_climo_atm_2"
             type="logical"
             valid_values="True/False"
             value="False"
             group="which_climos"
             desc="Create climos for atm CASE2.  (set4)  Make atm climo for case2"
             ></entry>

      <entry id="LNDDIAG_rmodel_2"
             type="logical"
             valid_values="True/False"
             value="True"
             group="which_climos"
             desc="(set7) Set to True for case2 if Mosart was used or False if RTM was used in the simulation"
             ></entry>

      <entry id="LNDDIAG_rtm_2"
             type="logical"
             valid_values="True/False"
             value="False"
             group="which_climos"
             desc="(set7) Set to True for case2 if RTM variables are on separate history files"
             ></entry>

      <entry id="LNDDIAG_trends_rtm_2"
             type="logical"
             valid_values="True/False"
             value="False"
             group="which_climos"
             desc="Create trends for rtm CASE2. (set7). Should always be False"
             ></entry>

      <entry id="LNDDIAG_climo_rtm_2"
             type="logical"
             valid_values="True/False"
             value="False"
             group="which_climos"
             desc="Create climos for rtm CASE2 (set7)"
             ></entry>

    </group>

    <!-- ============================================================================================== -->
    <!-- 7,8: Set date ranges                                                                                -->
    <!-- ============================================================================================== -->

    <group name="date_ranges">
      <order>9</order>
      <comment>Set date ranges</comment>

      <entry id="LNDDIAG_clim_first_yr_1"
             type="integer"
             valid_values=""
             value=""
             group="date_ranges"
             desc="Start year for CASE1 (CLIMO)"
             ></entry>

      <entry id="LNDDIAG_clim_num_yrs_1"
             type="integer"
             valid_values=""
             value=""
             group="date_ranges"
             desc="Number of years for CASE1 (CLIMO)"
             ></entry>

      <entry id="LNDDIAG_clim_first_yr_2"
             type="integer"
             valid_values=""
             value=""
             group="date_ranges"
             desc="Start year for CASE2 (CLIMO)"
             ></entry>

      <entry id="LNDDIAG_clim_num_yrs_2"
             type="integer"
             valid_values=""
             value=""
             group="date_ranges"
             desc="Number of years for CASE2 (CLIMO)"
             ></entry>

      <entry id="LNDDIAG_trends_first_yr_1"
             type="integer"
             valid_values=""
             value=""
             group="date_ranges"
             desc="Start year for CASE1 (TRENDS)"
             ></entry>

      <entry id="LNDDIAG_trends_num_yrs_1"
             type="integer"
             valid_values=""
             value=""
             group="date_ranges"
             desc="Number of years for CASE1 (TRENDS)"
             ></entry>

      <entry id="LNDDIAG_trends_first_yr_2"
             type="integer"
             valid_values=""
             value=""
             group="date_ranges"
             desc="Start year for CASE2 (TRENDS)"
             ></entry>

      <entry id="LNDDIAG_trends_num_yrs_2"
             type="integer"
             valid_values=""
             value=""
             group="date_ranges"
             desc="Number of years for CASE2 (TRENDS)"
             ></entry>

    </group>

    <!-- ============================================================================================== -->
    <!-- 9: SPECIAL CASE DESCRIPTION                                                                    -->
    <!-- ============================================================================================== -->

    <group name="spec_case_descr">
      <order>10</order>
      <comment>Special case description</comment>

      <entry id="LNDDIAG_trends_match_Flag"
             type="logical"
             valid_values="0/1"
             value="0"
             group="spec_case_descr"
             desc="Compare different years for trends. 0 for False 1 for True."
             ></entry>

      <entry id="LNDDIAG_trends_match_yr_1"
             type="integer"
             valid_values=""
             value="1"
             group="spec_case_descr"
             desc="First year of overlap case1 (TRENDS). Set to any year."
             ></entry>

      <entry id="LNDDIAG_trends_match_yr_2"
             type="integer"
             valid_values=""
             value="1"
             group="spec_case_descr"
             desc="First year of overlap case2 (TRENDS). Set to any year."
             ></entry>

    </group>

    <!-- ============================================================================================== -->
    <!-- 10: Active variables?                                                                          -->
    <!-- ============================================================================================== -->

    <group name="active_variables">
      <order>11</order>
      <comment>Active variables?</comment>

      <entry id="LNDDIAG_CN"
             type="logical"
             valid_values="0/1"
             value="1"
             group="active_variables"
             desc="Logical: Is CN active?"
             ></entry>

      <entry id="LNDDIAG_C13"
             type="logical"
             valid_values="0/1"
             value="0"
             group="active_variables"
             desc="Logical: Is C13 active?"
             ></entry>

      <entry id="LNDDIAG_CLAMP"
             type="logical"
             valid_values="0/1"
             value="0"
             group="active_variables"
             desc="True: CLAMP terminology/False: CLM-CN terminology"
             ></entry>

      <entry id="LNDDIAG_CASA"
             type="logical"
             valid_values="0/1"
             value="0"
             group="active_variables"
             desc="True: CASA terminology/False: CLM-CN terminology"
             ></entry>

      <entry id="LNDDIAG_HYDRO"
             type="logical"
             valid_values="0/1"
             value="1"
             group="active_variables"
             desc="Logical: HYDRO vars active?"
             ></entry>

    </group>

    <!-- ============================================================================================== -->
    <!-- 11: Select Plot Sets                                                                           -->
    <!-- ============================================================================================== -->

    <group name="plot_sets">
      <order>12</order>
      <comment>Select plot sets</comment>

      <entry id="LNDDIAG_set_1"
             type="logical"
             valid_values="True/False"
             value="True"
             group="plot_sets"
             desc="Plot Set 1: ANNUAL TRENDS"
             ></entry>

      <entry id="LNDDIAG_set_2"
             type="logical"
             valid_values="True/False"
             value="True"
             group="plot_sets"
             desc="Plot Set 2: CE CONTOUR PLOTS"
             ></entry>

      <entry id="LNDDIAG_set_3"
             type="logical"
             valid_values="True/False"
             value="True"
             group="plot_sets"
             desc="Plot Set 3: REGIONAL MONTHLY 2M-TEMP,PRECIP,RUNOFF,RADIATIVE AND TURBULENT FLUXES"
             ></entry>

      <entry id="LNDDIAG_set_4"
             type="logical"
             valid_values="True/False"
             value="False"
             group="plot_sets"
             desc="Plot Set 4: VERTICAL PROFILES - *NOTE* Plot set 4 is not currently working"
             ></entry>

      <entry id="LNDDIAG_set_5"
             type="logical"
             valid_values="True/False"
             value="True"
             group="plot_sets"
             desc="Plot Set 5: ANNUAL MEANS OF REGIONAL HYDROLOGIC CYCLE AND GLOBAL QUANTITIES"
             ></entry>

      <entry id="LNDDIAG_set_6"
             type="logical"
             valid_values="True/False"
             value="True"
             group="plot_sets"
             desc="Plot Set 6: ANNUAL TRENDS FOR REGIONS"
             ></entry>

      <entry id="LNDDIAG_set_7"
             type="logical"
             valid_values="True/False"
             value="True"
             group="plot_sets"
             desc="Plot Set 7: RIVER FLOW AND DISCHARGE"
             ></entry>

      <entry id="LNDDIAG_set_8"
             type="logical"
             valid_values="True/False"
             value="False"
             group="plot_sets"
             desc="Plot Set 8: OCN-ATMOS TRACERS - *NOTE* Plot set 8 is not currently working"
             ></entry>

      <entry id="LNDDIAG_set_8_lnd"
             type="logical"
             valid_values="True/False"
             value="False"
             group="plot_sets"
             desc="Plot Set 8_lnd: LND-ATMOS TRACERS - *NOTE* Plot set 8 is not currently working"
             ></entry>

      <entry id="LNDDIAG_set_9"
             type="logical"
             valid_values="True/False"
             value="True"
             group="plot_sets"
             desc="Plot Set 9: VALIDATION DIAGNOSTICS (ONLY FOR MODEL-MODEL)"
             ></entry>

      <entry id="LNDDIAG_set_10"
             type="logical"
             valid_values="True/False"
             value="True"
             group="plot_sets"
             desc="Plot Set 10: Regional ice sheet plots: Greenland"
             ></entry>

      <entry id="LNDDIAG_set_11"
             type="logical"
             valid_values="True/False"
             value="True"
             group="plot_sets"
             desc="Plot Set 11: Regional ice sheet plots: Antarctica"
             ></entry>
     
      <entry id="LNDDIAG_set_12"
             type="logical"
             valid_values="True/False"
             value="False"
             group="plot_sets"
             desc="Plot Set 12: Ice sheet averages - *NOTE* Plot set 12 is not currently working. See plot set 3 of Ice sheet averages."
             ></entry>

    </group>

    <!-- ============================================================================================== -->
    <!-- 12: Select Plot Options									    --> 
    <!-- ============================================================================================== -->

    <group name="plot_opt">
      <order>13</order>
      <comment>Select plot options</comment>

      <entry id="LNDDIAG_projection"
             type="integer"
             valid_values="0/1"
             value="0"
             group="plot_opt"
             desc="1=Cylindrical Equidistant, 0=Robinson"
             ></entry>

      <entry id="LNDDIAG_colormap"
             type="integer"
             valid_values="0/1"
             value="1"
             group="plot_opt"
             desc="1=use Blue-Yellow-Red Colormap, 0=use original colormaps"
             ></entry>

      <entry id="LNDDIAG_density"
             type="integer"
             valid_values=""
             value="144"
             group="plot_opt"
             desc="Controls density of output images"
             ></entry>

      <entry id="LNDDIAG_raster"
             type="logical"
             valid_values="True/False"
             value="True"
             group="plot_opt"
             desc="Raster mode for set2 contour plots"
             ></entry>

      <entry id="LNDDIAG_expContours"
             type="logical"
             valid_values="True/False"
             value="False"
             group="plot_opt"
             desc="Raster mode for set2 contour plots"
             ></entry>

      <entry id="LNDDIAG_time_stamp"
             type="logical"
             valid_values="True,False"
             value="False"
             group="plot_opt"
             desc="turn on time stamp on bottom of plots"
             ></entry>

      <entry id="LNDDIAG_p_type"
             type="char"
             valid_values="ps/png"
             value="png"
             group="plot_opt"
             desc="Plot output type"
             ></entry>

    </group>

    <!-- ============================================================================================== -->
    <!-- 14: Regridding Options                                                                         -->
    <!-- ============================================================================================== -->

    <group name="regrid_opt">
      <order>14</order>
      <comment>Regridding options</comment>

      <!-- CASE 1 -->

      <entry id="LNDDIAG_regrid_1"
             type="logical"
             valid_values="True,False"
             value="False"
             group="regrid_opt"
             desc="Regrid CASE1"
             ></entry>

      <entry id="LNDDIAG_method_1"
             type="char"
             valid_values="conserve"
             value="conserve"
             group="regrid_opt"
             desc="Regridding method used for CASE1"
             ></entry>

      <entry id="LNDDIAG_old_res_1"
             type="char"
             valid_values="SE_NE30 (regrid to FV_192x288),SE_NE30_CONUS (regrid to FV_192x288),SE_NE120 (regrid to FV_768x1152 or FV_192x288)"
             value="SE_NE30"
             group="regrid_opt"
             desc="Resolution to regrid from for CASE1"
             ></entry>

      <entry id="LNDDIAG_new_res_1"
             type="char"
             valid_values="FV_192x288 (regrid from SE_NE30 or SE_NE30_CONUS or SE_NE120),FV_768x1152 (regrid from SE_NE120)"
             value="FV_192x288"
             group="regrid_opt"
             desc="Resolution to regrid to for CASE1"
             ></entry>

      <entry id="LNDDIAG_wgt_dir_1"
             type="char"
             valid_values="$LNDDIAG_DIAGOBSROOT/regriddingFiles/ne30/,$LNDDIAG_DIAGOBSROOT/regriddingFiles/ne120/"
             value="$LNDDIAG_DIAGOBSROOT/regriddingFiles/ne30/"
             group="regrid_opt"
             desc="Exact path to weighted file directory"
             ></entry>

      <entry id="LNDDIAG_area_dir_1"
             type="char"
             valid_values="$LNDDIAG_DIAGOBSROOT/regriddingFiles/"
             value="$LNDDIAG_DIAGOBSROOT/regriddingFiles/"
             group="regrid_opt"
             desc="Exact path to area file directory"
             ></entry>

      <!-- CASE 2 -->

      <entry id="LNDDIAG_regrid_2"
             type="logical"
             valid_values="True,False"
             value="False"
             group="regrid_opt"
             desc="Regrid CASE2"
             ></entry>

      <entry id="LNDDIAG_method_2"
             type="char"
             valid_values="conserve"
             value="conserve"
             group="regrid_opt"
             desc="Regridding method used for CASE2"
             ></entry>

      <entry id="LNDDIAG_old_res_2"
             type="char"
             valid_values="SE_NE30 (regrid to FV_192x288),SE_NE30_CONUS (regrid to FV_192x288),SE_NE120 (regrid to FV_768x1152 or FV_192x288)"
             value="SE_NE30"
             group="regrid_opt"
             desc="Resolution to regrid from for CASE2"
             ></entry>

      <entry id="LNDDIAG_new_res_2"
             type="char"
             valid_values="FV_192x288 (regrid from SE_NE30 or SE_NE30_CONUS or SE_NE120),FV_768x1152 (regrid from SE_NE120)"
             value="FV_192x288"
             group="regrid_opt"
             desc="Resolution to regrid to for CASE2"
             ></entry>

      <entry id="LNDDIAG_wgt_dir_2"
             type="char"
             valid_values="$LNDDIAG_DIAGOBSROOT/regriddingFiles/ne30/,$LNDDIAG_DIAGOBSROOT/regriddingFiles/ne120/"
             value="$LNDDIAG_DIAGOBSROOT/regriddingFiles/ne30/"
             group="regrid_opt"
             desc="Exact path to weighted file directory"
             ></entry>

      <entry id="LNDDIAG_area_dir_2"
             type="char"
             valid_values="$LNDDIAG_DIAGOBSROOT/regriddingFiles/"
             value="$LNDDIAG_DIAGOBSROOT/regriddingFiles/"
             group="regrid_opt"
             desc="Exact path to area file directory"
             ></entry>

    </group>

    <!-- ============================================================================================== -->
    <!-- 15: Plot set 2 options                                                                         -->
    <!-- ============================================================================================== -->

    <group name="pset2_opt">
      <order>15</order>
      <comment>Plot set 2 options</comment>

      <entry id="LNDDIAG_sig_lvl"
             type="integer"
             valid_values=""
             value="0.10"
             group="pset2_opt"
             desc="level of significance (set 2)"
             ></entry>

      <entry id="LNDDIAG_reg_contour"
             type="integer"
             valid_values=""
             value="1"
             group="pset2_opt"
             desc="0 = SUBREGION, 1 = GLOBAL (set 2)"
             ></entry>

      <entry id="LNDDIAG_min_lat"
             type="integer"
             valid_values=""
             value="30."
             group="pset2_opt"
             desc="southern boundary in degrees north (set 2)"
             ></entry>

      <entry id="LNDDIAG_max_lat"
             type="integer"
             valid_values=""
             value="80."
             group="pset2_opt"
             desc="northern boundary in degrees north (set 2)"
             ></entry>

      <entry id="LNDDIAG_min_lon"
             type="integer"
             valid_values=""
             value="-130."
             group="pset2_opt"
             desc="western boundary in degrees east (set 2)"
             ></entry>

      <entry id="LNDDIAG_max_lon"
             type="integer"
             valid_values=""
             value="-50."
             group="pset2_opt"
             desc="eastern boundary in degrees east (set 2)"
             ></entry>

      <entry id="LNDDIAG_OBS_RES"
             type="char"
             valid_values=""
             value="T42"
             group="pset2_opt"
             desc="observation resolution (set 2)"
             ></entry>

    </group>

    <!-- ============================================================================================== -->
    <!-- 16: Paleo Options                                                                              -->
    <!-- ============================================================================================== -->

    <group name="paleo_opt">
      <order>16</order>
      <comment>Paleo options</comment>

      <entry id="LNDDIAG_paleo"
             type="logical"
             valid_values="True/False"
             value="False"
             group="paleo_opt"
             desc="True: use or create coastlines"
             ></entry>

      <entry id="LNDDIAG_land_mask1"
             type="integer"
             valid_values=""
             value="0"
             group="paleo_opt"
             desc="minimum land in test case (fraction 0-1)  (default=0)"
             ></entry>

      <entry id="LNDDIAG_land_mask2"
             type="integer"
             valid_values=""
             value="0"
             group="paleo_opt"
             desc="minimum land in std case (fraction 0-1)  (default=0)"
             ></entry>

      <entry id="LNDDIAG_paleo_diff_plots"
             type="logical"
             valid_values="True/False"
             value="False"
             group="paleo_opt"
             desc="True: make difference plots for different continental outlines"
             ></entry>
    </group>

  </groups>
</config_definition>

